"DESCRIPTION","DURATION IN MS","NAME","PARENT SUITE","START TIME","STATUS","STOP TIME","SUB SUITE","SUITE","TEST CLASS","TEST METHOD"
"","4964","@smoke @regression Verify user is able to land on the product page","chromium","2026-09-29","passed","2026-09-29","","search.spec.ts","",""
"","2273","@smoke @regression Login page test","chromium","2026-09-29","passed","2026-09-29","","loginpagefix.spec.ts","",""
"","334","PUT API -- Update a user","chromium","2026-09-29","passed","2026-09-29","@smoke @regression Running e2e gorest crud api tests","api/users.api.sep.spec.ts","",""
"","3524","@smoke @regression Verify Home page headers:","chromium","2026-09-29","passed","2026-09-29","","homepagefix.spec.ts","",""
"","5364","@smoke @regression Verify product Information/Data","chromium","2026-09-29","passed","2026-09-29","","productpage.spec.ts","",""
"","4053","@smoke @regression Verify search result count","chromium","2026-09-29","passed","2026-09-29","","search.spec.ts","",""
"","346","DELETE API -- Delete a user","chromium","2026-09-29","passed","2026-09-29","@smoke @regression Running e2e gorest crud api tests","api/users.api.sep.spec.ts","",""
"","2379","@regression Verify the footers for the product info page","chromium","2026-09-29","passed","2026-09-29","","loginpagefix.spec.ts","",""
"","1354","@smoke @regression Create the user api test - POST Call","chromium","2026-09-29","passed","2026-09-29","","api/testpractice.spec.ts","",""
"","3521","@smoke @regression User is able to login in successfully","chromium","2026-09-29","passed","2026-09-29","","loginpagefix.spec.ts","",""
"","2382","@regression Verify the company logo exist on the product page","chromium","2026-09-29","passed","2026-09-29","","loginpagefix.spec.ts","",""
"","3301","@smoke @regression Verify the logout link existance:","chromium","2026-09-29","passed","2026-09-29","","homepagefix.spec.ts","",""
"","358","POST API -- create a user","chromium","2026-09-29","passed","2026-09-29","@smoke @regression Running e2e gorest crud api tests","api/users.api.sep.spec.ts","",""
"","369","GET API -- get all users","chromium","2026-09-29","passed","2026-09-29","@smoke @regression Running e2e gorest crud api tests","api/users.api.sep.spec.ts","",""
"","1219","@smoke @regression Get the user api test - GET Call","chromium","2026-09-29","passed","2026-09-29","","api/testpractice.spec.ts","",""
"","5977","@smoke @regression Verify product details on the shopping cart page","chromium","2026-09-29","passed","2026-09-29","","shoppingcartpage.spec.ts","",""
"","3551","@smoke @regression Verify home page title:","chromium","2026-09-29","passed","2026-09-29","","homepagefix.spec.ts","",""
"","3","@regression GET -- get albums data","chromium","2026-09-29","skipped","2026-09-29","","api/spotify.oauth2.spec.ts","",""
